{
    "coords": [
        -1.61366,
        54.96678,
        1.60081,
        54.97788
    ],
    "query_date_format": "startend",
    "theme": "People",
    "last_n_days": 720,
    "starttime": 20220724,
    "endtime": 20240821
}